date,CALL_IMP_VOL_30D,CALL_IMP_VOL_60D,3MO_CALL_IMP_VOL,6MO_CALL_IMP_VOL,12MO_CALL_IMP_VOL
7/11/2025,35.394,31.613,30.264,30.811,31.57
7/14/2025,33.915,31.306,30.026,30.844,31.037
7/15/2025,35.627,31.885,30.789,30.9,31.048
7/16/2025,36.411,32.578,31.021,31.168,32.691
7/17/2025,36.71,32.516,30.897,31.08,31.496
7/18/2025,35.731,32.222,30.973,30.934,31.184
7/21/2025,34.976,31.383,30.157,30.809,31.518
7/22/2025,35.081,32.127,30.85,31.087,31.491
7/23/2025,35.905,32.444,31.299,30.971,31.119
7/24/2025,37.629,32.953,31.803,31.468,31.471
7/25/2025,36.389,32.155,31.303,31.116,31.337
