sigma,b,p,lambda0,rmse_price,rmse_iv
0.2,0.01,0,0.075,67.32886981320505,
0.2,0.01,1,0.075,67.32886981320505,
0.2,0.01,2,0.075,67.32886981320505,
0.2,0.01,3,0.075,67.32886981320505,
0.2,0.01,4,0.075,67.32886981320505,
0.2,0.01,5,0.075,67.32886981320505,
0.2,0.01,6,0.075,67.32886981320505,
0.2,0.01,7,0.075,67.32886981320505,
0.2,0.01,8,0.075,67.32886981320505,
0.2,0.02,0,0.075,67.32886981320505,
0.2,0.02,1,0.075,67.32886981320505,
0.2,0.02,2,0.075,67.32886981320505,
0.2,0.02,3,0.075,67.32886981320505,
0.2,0.02,4,0.075,67.32886981320505,
0.2,0.02,5,0.075,67.32886981320505,
0.2,0.02,6,0.075,67.32886981320505,
0.2,0.02,7,0.075,67.32886981320505,
0.2,0.02,8,0.075,67.32886981320505,
0.2,0.03,0,0.075,67.32886981320505,
0.2,0.03,1,0.075,67.32886981320505,
0.2,0.03,2,0.075,67.32886981320505,
0.2,0.03,3,0.075,67.32886981320505,
0.2,0.03,4,0.075,67.32886981320505,
0.2,0.03,5,0.075,67.32886981320505,
0.2,0.03,6,0.075,67.32886981320505,
0.2,0.03,7,0.075,67.32886981320505,
0.2,0.03,8,0.075,67.32886981320505,
0.2,0.04,0,0.075,67.32886981320505,
0.2,0.04,1,0.075,67.32886981320505,
0.2,0.04,2,0.075,67.32886981320505,
0.2,0.04,3,0.075,67.32886981320505,
0.2,0.04,4,0.075,67.32886981320505,
0.2,0.04,5,0.075,67.32886981320505,
0.2,0.04,6,0.075,67.32886981320505,
0.2,0.04,7,0.075,67.32886981320505,
0.2,0.04,8,0.075,67.32886981320505,
0.2,0.05,0,0.075,67.32886981320505,
0.2,0.05,1,0.075,67.32886981320505,
0.2,0.05,2,0.075,67.32886981320505,
0.2,0.05,3,0.075,67.32886981320505,
0.2,0.05,4,0.075,67.32886981320505,
0.2,0.05,5,0.075,67.32886981320505,
0.2,0.05,6,0.075,67.32886981320505,
0.2,0.05,7,0.075,67.32886981320505,
0.2,0.05,8,0.075,67.32886981320505,
0.2,0.060000000000000005,0,0.075,67.32886981320505,
0.2,0.060000000000000005,1,0.075,67.32886981320505,
0.2,0.060000000000000005,2,0.075,67.32886981320505,
0.2,0.060000000000000005,3,0.075,67.32886981320505,
0.2,0.060000000000000005,4,0.075,67.32886981320505,
0.2,0.060000000000000005,5,0.075,67.32886981320505,
0.2,0.060000000000000005,6,0.075,67.32886981320505,
0.2,0.060000000000000005,7,0.075,67.32886981320505,
0.2,0.060000000000000005,8,0.075,67.32886981320505,
0.2,0.06999999999999999,0,0.075,67.32886981320505,
0.2,0.06999999999999999,1,0.075,67.32886981320505,
0.2,0.06999999999999999,2,0.075,67.32886981320505,
0.2,0.06999999999999999,3,0.075,67.32886981320505,
0.2,0.06999999999999999,4,0.075,67.32886981320505,
0.2,0.06999999999999999,5,0.075,67.32886981320505,
0.2,0.06999999999999999,6,0.075,67.32886981320505,
0.2,0.06999999999999999,7,0.075,67.32886981320505,
0.2,0.06999999999999999,8,0.075,67.32886981320505,
0.2,0.08,0,0.075,67.32886981320505,
0.2,0.08,1,0.075,67.32886981320505,
0.2,0.08,2,0.075,67.32886981320505,
0.2,0.08,3,0.075,67.32886981320505,
0.2,0.08,4,0.075,67.32886981320505,
0.2,0.08,5,0.075,67.32886981320505,
0.2,0.08,6,0.075,67.32886981320505,
0.2,0.08,7,0.075,67.32886981320505,
0.2,0.08,8,0.075,67.32886981320505,
0.2,0.09,0,0.075,67.32886981320505,
0.2,0.09,1,0.075,67.32886981320505,
0.2,0.09,2,0.075,67.32886981320505,
0.2,0.09,3,0.075,67.32886981320505,
0.2,0.09,4,0.075,67.32886981320505,
0.2,0.09,5,0.075,67.32886981320505,
0.2,0.09,6,0.075,67.32886981320505,
0.2,0.09,7,0.075,67.32886981320505,
0.2,0.09,8,0.075,67.32886981320505,
0.2,0.09999999999999999,0,0.075,67.32886981320505,
0.2,0.09999999999999999,1,0.075,67.32886981320505,
0.2,0.09999999999999999,2,0.075,67.32886981320505,
0.2,0.09999999999999999,3,0.075,67.32886981320505,
0.2,0.09999999999999999,4,0.075,67.32886981320505,
0.2,0.09999999999999999,5,0.075,67.32886981320505,
0.2,0.09999999999999999,6,0.075,67.32886981320505,
0.2,0.09999999999999999,7,0.075,67.32886981320505,
0.2,0.09999999999999999,8,0.075,67.32886981320505,
0.25,0.01,0,0.075,69.07192527086957,
0.25,0.01,1,0.075,69.07192527086957,
0.25,0.01,2,0.075,69.07192527086957,
0.25,0.01,3,0.075,69.07192527086957,
0.25,0.01,4,0.075,69.07192527086957,
0.25,0.01,5,0.075,69.07192527086957,
0.25,0.01,6,0.075,69.07192527086957,
0.25,0.01,7,0.075,69.07192527086957,
0.25,0.01,8,0.075,69.07192527086957,
0.25,0.02,0,0.075,69.07192527086957,
0.25,0.02,1,0.075,69.07192527086957,
0.25,0.02,2,0.075,69.07192527086957,
0.25,0.02,3,0.075,69.07192527086957,
0.25,0.02,4,0.075,69.07192527086957,
0.25,0.02,5,0.075,69.07192527086957,
0.25,0.02,6,0.075,69.07192527086957,
0.25,0.02,7,0.075,69.07192527086957,
0.25,0.02,8,0.075,69.07192527086957,
0.25,0.03,0,0.075,69.07192527086957,
0.25,0.03,1,0.075,69.07192527086957,
0.25,0.03,2,0.075,69.07192527086957,
0.25,0.03,3,0.075,69.07192527086957,
0.25,0.03,4,0.075,69.07192527086957,
0.25,0.03,5,0.075,69.07192527086957,
0.25,0.03,6,0.075,69.07192527086957,
0.25,0.03,7,0.075,69.07192527086957,
0.25,0.03,8,0.075,69.07192527086957,
0.25,0.04,0,0.075,69.07192527086957,
0.25,0.04,1,0.075,69.07192527086957,
0.25,0.04,2,0.075,69.07192527086957,
0.25,0.04,3,0.075,69.07192527086957,
0.25,0.04,4,0.075,69.07192527086957,
0.25,0.04,5,0.075,69.07192527086957,
0.25,0.04,6,0.075,69.07192527086957,
0.25,0.04,7,0.075,69.07192527086957,
0.25,0.04,8,0.075,69.07192527086957,
0.25,0.05,0,0.075,69.07192527086957,
0.25,0.05,1,0.075,69.07192527086957,
0.25,0.05,2,0.075,69.07192527086957,
0.25,0.05,3,0.075,69.07192527086957,
0.25,0.05,4,0.075,69.07192527086957,
0.25,0.05,5,0.075,69.07192527086957,
0.25,0.05,6,0.075,69.07192527086957,
0.25,0.05,7,0.075,69.07192527086957,
0.25,0.05,8,0.075,69.07192527086957,
0.25,0.060000000000000005,0,0.075,69.07192527086957,
0.25,0.060000000000000005,1,0.075,69.07192527086957,
0.25,0.060000000000000005,2,0.075,69.07192527086957,
0.25,0.060000000000000005,3,0.075,69.07192527086957,
0.25,0.060000000000000005,4,0.075,69.07192527086957,
0.25,0.060000000000000005,5,0.075,69.07192527086957,
0.25,0.060000000000000005,6,0.075,69.07192527086957,
0.25,0.060000000000000005,7,0.075,69.07192527086957,
0.25,0.060000000000000005,8,0.075,69.07192527086957,
0.25,0.06999999999999999,0,0.075,69.07192527086957,
0.25,0.06999999999999999,1,0.075,69.07192527086957,
0.25,0.06999999999999999,2,0.075,69.07192527086957,
0.25,0.06999999999999999,3,0.075,69.07192527086957,
0.25,0.06999999999999999,4,0.075,69.07192527086957,
0.25,0.06999999999999999,5,0.075,69.07192527086957,
0.25,0.06999999999999999,6,0.075,69.07192527086957,
0.25,0.06999999999999999,7,0.075,69.07192527086957,
0.25,0.06999999999999999,8,0.075,69.07192527086957,
0.25,0.08,0,0.075,69.07192527086957,
0.25,0.08,1,0.075,69.07192527086957,
0.25,0.08,2,0.075,69.07192527086957,
0.25,0.08,3,0.075,69.07192527086957,
0.25,0.08,4,0.075,69.07192527086957,
0.25,0.08,5,0.075,69.07192527086957,
0.25,0.08,6,0.075,69.07192527086957,
0.25,0.08,7,0.075,69.07192527086957,
0.25,0.08,8,0.075,69.07192527086957,
0.25,0.09,0,0.075,69.07192527086957,
0.25,0.09,1,0.075,69.07192527086957,
0.25,0.09,2,0.075,69.07192527086957,
0.25,0.09,3,0.075,69.07192527086957,
0.25,0.09,4,0.075,69.07192527086957,
0.25,0.09,5,0.075,69.07192527086957,
0.25,0.09,6,0.075,69.07192527086957,
0.25,0.09,7,0.075,69.07192527086957,
0.25,0.09,8,0.075,69.07192527086957,
0.25,0.09999999999999999,0,0.075,69.07192527086957,
0.25,0.09999999999999999,1,0.075,69.07192527086957,
0.25,0.09999999999999999,2,0.075,69.07192527086957,
0.25,0.09999999999999999,3,0.075,69.07192527086957,
0.25,0.09999999999999999,4,0.075,69.07192527086957,
0.25,0.09999999999999999,5,0.075,69.07192527086957,
0.25,0.09999999999999999,6,0.075,69.07192527086957,
0.25,0.09999999999999999,7,0.075,69.07192527086957,
0.25,0.09999999999999999,8,0.075,69.07192527086957,
0.3,0.01,0,0.075,71.52981464206214,
0.3,0.01,1,0.075,71.52981464206214,
0.3,0.01,2,0.075,71.52981464206214,
0.3,0.01,3,0.075,71.52981464206214,
0.3,0.01,4,0.075,71.52981464206214,
0.3,0.01,5,0.075,71.52981464206214,
0.3,0.01,6,0.075,71.52981464206214,
0.3,0.01,7,0.075,71.52981464206214,
0.3,0.01,8,0.075,71.52981464206214,
0.3,0.02,0,0.075,71.52981464206214,
0.3,0.02,1,0.075,71.52981464206214,
0.3,0.02,2,0.075,71.52981464206214,
0.3,0.02,3,0.075,71.52981464206214,
0.3,0.02,4,0.075,71.52981464206214,
0.3,0.02,5,0.075,71.52981464206214,
0.3,0.02,6,0.075,71.52981464206214,
0.3,0.02,7,0.075,71.52981464206214,
0.3,0.02,8,0.075,71.52981464206214,
0.3,0.03,0,0.075,71.52981464206214,
0.3,0.03,1,0.075,71.52981464206214,
0.3,0.03,2,0.075,71.52981464206214,
0.3,0.03,3,0.075,71.52981464206214,
0.3,0.03,4,0.075,71.52981464206214,
0.3,0.03,5,0.075,71.52981464206214,
0.3,0.03,6,0.075,71.52981464206214,
0.3,0.03,7,0.075,71.52981464206214,
0.3,0.03,8,0.075,71.52981464206214,
0.3,0.04,0,0.075,71.52981464206214,
0.3,0.04,1,0.075,71.52981464206214,
0.3,0.04,2,0.075,71.52981464206214,
0.3,0.04,3,0.075,71.52981464206214,
0.3,0.04,4,0.075,71.52981464206214,
0.3,0.04,5,0.075,71.52981464206214,
0.3,0.04,6,0.075,71.52981464206214,
0.3,0.04,7,0.075,71.52981464206214,
0.3,0.04,8,0.075,71.52981464206214,
0.3,0.05,0,0.075,71.52981464206214,
0.3,0.05,1,0.075,71.52981464206214,
0.3,0.05,2,0.075,71.52981464206214,
0.3,0.05,3,0.075,71.52981464206214,
0.3,0.05,4,0.075,71.52981464206214,
0.3,0.05,5,0.075,71.52981464206214,
0.3,0.05,6,0.075,71.52981464206214,
0.3,0.05,7,0.075,71.52981464206214,
0.3,0.05,8,0.075,71.52981464206214,
0.3,0.060000000000000005,0,0.075,71.52981464206214,
0.3,0.060000000000000005,1,0.075,71.52981464206214,
0.3,0.060000000000000005,2,0.075,71.52981464206214,
0.3,0.060000000000000005,3,0.075,71.52981464206214,
0.3,0.060000000000000005,4,0.075,71.52981464206214,
0.3,0.060000000000000005,5,0.075,71.52981464206214,
0.3,0.060000000000000005,6,0.075,71.52981464206214,
0.3,0.060000000000000005,7,0.075,71.52981464206214,
0.3,0.060000000000000005,8,0.075,71.52981464206214,
0.3,0.06999999999999999,0,0.075,71.52981464206214,
0.3,0.06999999999999999,1,0.075,71.52981464206214,
0.3,0.06999999999999999,2,0.075,71.52981464206214,
0.3,0.06999999999999999,3,0.075,71.52981464206214,
0.3,0.06999999999999999,4,0.075,71.52981464206214,
0.3,0.06999999999999999,5,0.075,71.52981464206214,
0.3,0.06999999999999999,6,0.075,71.52981464206214,
0.3,0.06999999999999999,7,0.075,71.52981464206214,
0.3,0.06999999999999999,8,0.075,71.52981464206214,
0.3,0.08,0,0.075,71.52981464206214,
0.3,0.08,1,0.075,71.52981464206214,
0.3,0.08,2,0.075,71.52981464206214,
0.3,0.08,3,0.075,71.52981464206214,
0.3,0.08,4,0.075,71.52981464206214,
0.3,0.08,5,0.075,71.52981464206214,
0.3,0.08,6,0.075,71.52981464206214,
0.3,0.08,7,0.075,71.52981464206214,
0.3,0.08,8,0.075,71.52981464206214,
0.3,0.09,0,0.075,71.52981464206214,
0.3,0.09,1,0.075,71.52981464206214,
0.3,0.09,2,0.075,71.52981464206214,
0.3,0.09,3,0.075,71.52981464206214,
0.3,0.09,4,0.075,71.52981464206214,
0.3,0.09,5,0.075,71.52981464206214,
0.3,0.09,6,0.075,71.52981464206214,
0.3,0.09,7,0.075,71.52981464206214,
0.3,0.09,8,0.075,71.52981464206214,
0.3,0.09999999999999999,0,0.075,71.52981464206214,
0.3,0.09999999999999999,1,0.075,71.52981464206214,
0.3,0.09999999999999999,2,0.075,71.52981464206214,
0.3,0.09999999999999999,3,0.075,71.52981464206214,
0.3,0.09999999999999999,4,0.075,71.52981464206214,
0.3,0.09999999999999999,5,0.075,71.52981464206214,
0.3,0.09999999999999999,6,0.075,71.52981464206214,
0.3,0.09999999999999999,7,0.075,71.52981464206214,
0.3,0.09999999999999999,8,0.075,71.52981464206214,
0.35,0.01,0,0.075,74.57433200811678,
0.35,0.01,1,0.075,74.57433200811678,
0.35,0.01,2,0.075,74.57433200811678,
0.35,0.01,3,0.075,74.57433200811678,
0.35,0.01,4,0.075,74.57433200811678,
0.35,0.01,5,0.075,74.57433200811678,
0.35,0.01,6,0.075,74.57433200811678,
0.35,0.01,7,0.075,74.57433200811678,
0.35,0.01,8,0.075,74.57433200811678,
0.35,0.02,0,0.075,74.57433200811678,
0.35,0.02,1,0.075,74.57433200811678,
0.35,0.02,2,0.075,74.57433200811678,
0.35,0.02,3,0.075,74.57433200811678,
0.35,0.02,4,0.075,74.57433200811678,
0.35,0.02,5,0.075,74.57433200811678,
0.35,0.02,6,0.075,74.57433200811678,
0.35,0.02,7,0.075,74.57433200811678,
0.35,0.02,8,0.075,74.57433200811678,
0.35,0.03,0,0.075,74.57433200811678,
0.35,0.03,1,0.075,74.57433200811678,
0.35,0.03,2,0.075,74.57433200811678,
0.35,0.03,3,0.075,74.57433200811678,
0.35,0.03,4,0.075,74.57433200811678,
0.35,0.03,5,0.075,74.57433200811678,
0.35,0.03,6,0.075,74.57433200811678,
0.35,0.03,7,0.075,74.57433200811678,
0.35,0.03,8,0.075,74.57433200811678,
0.35,0.04,0,0.075,74.57433200811678,
0.35,0.04,1,0.075,74.57433200811678,
0.35,0.04,2,0.075,74.57433200811678,
0.35,0.04,3,0.075,74.57433200811678,
0.35,0.04,4,0.075,74.57433200811678,
0.35,0.04,5,0.075,74.57433200811678,
0.35,0.04,6,0.075,74.57433200811678,
0.35,0.04,7,0.075,74.57433200811678,
0.35,0.04,8,0.075,74.57433200811678,
0.35,0.05,0,0.075,74.57433200811678,
0.35,0.05,1,0.075,74.57433200811678,
0.35,0.05,2,0.075,74.57433200811678,
0.35,0.05,3,0.075,74.57433200811678,
0.35,0.05,4,0.075,74.57433200811678,
0.35,0.05,5,0.075,74.57433200811678,
0.35,0.05,6,0.075,74.57433200811678,
0.35,0.05,7,0.075,74.57433200811678,
0.35,0.05,8,0.075,74.57433200811678,
0.35,0.060000000000000005,0,0.075,74.57433200811678,
0.35,0.060000000000000005,1,0.075,74.57433200811678,
0.35,0.060000000000000005,2,0.075,74.57433200811678,
0.35,0.060000000000000005,3,0.075,74.57433200811678,
0.35,0.060000000000000005,4,0.075,74.57433200811678,
0.35,0.060000000000000005,5,0.075,74.57433200811678,
0.35,0.060000000000000005,6,0.075,74.57433200811678,
0.35,0.060000000000000005,7,0.075,74.57433200811678,
0.35,0.060000000000000005,8,0.075,74.57433200811678,
0.35,0.06999999999999999,0,0.075,74.57433200811678,
0.35,0.06999999999999999,1,0.075,74.57433200811678,
0.35,0.06999999999999999,2,0.075,74.57433200811678,
0.35,0.06999999999999999,3,0.075,74.57433200811678,
0.35,0.06999999999999999,4,0.075,74.57433200811678,
0.35,0.06999999999999999,5,0.075,74.57433200811678,
0.35,0.06999999999999999,6,0.075,74.57433200811678,
0.35,0.06999999999999999,7,0.075,74.57433200811678,
0.35,0.06999999999999999,8,0.075,74.57433200811678,
0.35,0.08,0,0.075,74.57433200811678,
0.35,0.08,1,0.075,74.57433200811678,
0.35,0.08,2,0.075,74.57433200811678,
0.35,0.08,3,0.075,74.57433200811678,
0.35,0.08,4,0.075,74.57433200811678,
0.35,0.08,5,0.075,74.57433200811678,
0.35,0.08,6,0.075,74.57433200811678,
0.35,0.08,7,0.075,74.57433200811678,
0.35,0.08,8,0.075,74.57433200811678,
0.35,0.09,0,0.075,74.57433200811678,
0.35,0.09,1,0.075,74.57433200811678,
0.35,0.09,2,0.075,74.57433200811678,
0.35,0.09,3,0.075,74.57433200811678,
0.35,0.09,4,0.075,74.57433200811678,
0.35,0.09,5,0.075,74.57433200811678,
0.35,0.09,6,0.075,74.57433200811678,
0.35,0.09,7,0.075,74.57433200811678,
0.35,0.09,8,0.075,74.57433200811678,
0.35,0.09999999999999999,0,0.075,74.57433200811678,
0.35,0.09999999999999999,1,0.075,74.57433200811678,
0.35,0.09999999999999999,2,0.075,74.57433200811678,
0.35,0.09999999999999999,3,0.075,74.57433200811678,
0.35,0.09999999999999999,4,0.075,74.57433200811678,
0.35,0.09999999999999999,5,0.075,74.57433200811678,
0.35,0.09999999999999999,6,0.075,74.57433200811678,
0.35,0.09999999999999999,7,0.075,74.57433200811678,
0.35,0.09999999999999999,8,0.075,74.57433200811678,
0.39999999999999997,0.01,0,0.075,78.0768475260557,
0.39999999999999997,0.01,1,0.075,78.0768475260557,
0.39999999999999997,0.01,2,0.075,78.0768475260557,
0.39999999999999997,0.01,3,0.075,78.0768475260557,
0.39999999999999997,0.01,4,0.075,78.0768475260557,
0.39999999999999997,0.01,5,0.075,78.0768475260557,
0.39999999999999997,0.01,6,0.075,78.0768475260557,
0.39999999999999997,0.01,7,0.075,78.0768475260557,
0.39999999999999997,0.01,8,0.075,78.0768475260557,
0.39999999999999997,0.02,0,0.075,78.0768475260557,
0.39999999999999997,0.02,1,0.075,78.0768475260557,
0.39999999999999997,0.02,2,0.075,78.0768475260557,
0.39999999999999997,0.02,3,0.075,78.0768475260557,
0.39999999999999997,0.02,4,0.075,78.0768475260557,
0.39999999999999997,0.02,5,0.075,78.0768475260557,
0.39999999999999997,0.02,6,0.075,78.0768475260557,
0.39999999999999997,0.02,7,0.075,78.0768475260557,
0.39999999999999997,0.02,8,0.075,78.0768475260557,
0.39999999999999997,0.03,0,0.075,78.0768475260557,
0.39999999999999997,0.03,1,0.075,78.0768475260557,
0.39999999999999997,0.03,2,0.075,78.0768475260557,
0.39999999999999997,0.03,3,0.075,78.0768475260557,
0.39999999999999997,0.03,4,0.075,78.0768475260557,
0.39999999999999997,0.03,5,0.075,78.0768475260557,
0.39999999999999997,0.03,6,0.075,78.0768475260557,
0.39999999999999997,0.03,7,0.075,78.0768475260557,
0.39999999999999997,0.03,8,0.075,78.0768475260557,
0.39999999999999997,0.04,0,0.075,78.0768475260557,
0.39999999999999997,0.04,1,0.075,78.0768475260557,
0.39999999999999997,0.04,2,0.075,78.0768475260557,
0.39999999999999997,0.04,3,0.075,78.0768475260557,
0.39999999999999997,0.04,4,0.075,78.0768475260557,
0.39999999999999997,0.04,5,0.075,78.0768475260557,
0.39999999999999997,0.04,6,0.075,78.0768475260557,
0.39999999999999997,0.04,7,0.075,78.0768475260557,
0.39999999999999997,0.04,8,0.075,78.0768475260557,
0.39999999999999997,0.05,0,0.075,78.0768475260557,
0.39999999999999997,0.05,1,0.075,78.0768475260557,
0.39999999999999997,0.05,2,0.075,78.0768475260557,
0.39999999999999997,0.05,3,0.075,78.0768475260557,
0.39999999999999997,0.05,4,0.075,78.0768475260557,
0.39999999999999997,0.05,5,0.075,78.0768475260557,
0.39999999999999997,0.05,6,0.075,78.0768475260557,
0.39999999999999997,0.05,7,0.075,78.0768475260557,
0.39999999999999997,0.05,8,0.075,78.0768475260557,
0.39999999999999997,0.060000000000000005,0,0.075,78.0768475260557,
0.39999999999999997,0.060000000000000005,1,0.075,78.0768475260557,
0.39999999999999997,0.060000000000000005,2,0.075,78.0768475260557,
0.39999999999999997,0.060000000000000005,3,0.075,78.0768475260557,
0.39999999999999997,0.060000000000000005,4,0.075,78.0768475260557,
0.39999999999999997,0.060000000000000005,5,0.075,78.0768475260557,
0.39999999999999997,0.060000000000000005,6,0.075,78.0768475260557,
0.39999999999999997,0.060000000000000005,7,0.075,78.0768475260557,
0.39999999999999997,0.060000000000000005,8,0.075,78.0768475260557,
0.39999999999999997,0.06999999999999999,0,0.075,78.0768475260557,
0.39999999999999997,0.06999999999999999,1,0.075,78.0768475260557,
0.39999999999999997,0.06999999999999999,2,0.075,78.0768475260557,
0.39999999999999997,0.06999999999999999,3,0.075,78.0768475260557,
0.39999999999999997,0.06999999999999999,4,0.075,78.0768475260557,
0.39999999999999997,0.06999999999999999,5,0.075,78.0768475260557,
0.39999999999999997,0.06999999999999999,6,0.075,78.0768475260557,
0.39999999999999997,0.06999999999999999,7,0.075,78.0768475260557,
0.39999999999999997,0.06999999999999999,8,0.075,78.0768475260557,
0.39999999999999997,0.08,0,0.075,78.0768475260557,
0.39999999999999997,0.08,1,0.075,78.0768475260557,
0.39999999999999997,0.08,2,0.075,78.0768475260557,
0.39999999999999997,0.08,3,0.075,78.0768475260557,
0.39999999999999997,0.08,4,0.075,78.0768475260557,
0.39999999999999997,0.08,5,0.075,78.0768475260557,
0.39999999999999997,0.08,6,0.075,78.0768475260557,
0.39999999999999997,0.08,7,0.075,78.0768475260557,
0.39999999999999997,0.08,8,0.075,78.0768475260557,
0.39999999999999997,0.09,0,0.075,78.0768475260557,
0.39999999999999997,0.09,1,0.075,78.0768475260557,
0.39999999999999997,0.09,2,0.075,78.0768475260557,
0.39999999999999997,0.09,3,0.075,78.0768475260557,
0.39999999999999997,0.09,4,0.075,78.0768475260557,
0.39999999999999997,0.09,5,0.075,78.0768475260557,
0.39999999999999997,0.09,6,0.075,78.0768475260557,
0.39999999999999997,0.09,7,0.075,78.0768475260557,
0.39999999999999997,0.09,8,0.075,78.0768475260557,
0.39999999999999997,0.09999999999999999,0,0.075,78.0768475260557,
0.39999999999999997,0.09999999999999999,1,0.075,78.0768475260557,
0.39999999999999997,0.09999999999999999,2,0.075,78.0768475260557,
0.39999999999999997,0.09999999999999999,3,0.075,78.0768475260557,
0.39999999999999997,0.09999999999999999,4,0.075,78.0768475260557,
0.39999999999999997,0.09999999999999999,5,0.075,78.0768475260557,
0.39999999999999997,0.09999999999999999,6,0.075,78.0768475260557,
0.39999999999999997,0.09999999999999999,7,0.075,78.0768475260557,
0.39999999999999997,0.09999999999999999,8,0.075,78.0768475260557,
0.44999999999999996,0.01,0,0.075,81.92738464823023,
0.44999999999999996,0.01,1,0.075,81.92738464823023,
0.44999999999999996,0.01,2,0.075,81.92738464823023,
0.44999999999999996,0.01,3,0.075,81.92738464823023,
0.44999999999999996,0.01,4,0.075,81.92738464823023,
0.44999999999999996,0.01,5,0.075,81.92738464823023,
0.44999999999999996,0.01,6,0.075,81.92738464823023,
0.44999999999999996,0.01,7,0.075,81.92738464823023,
0.44999999999999996,0.01,8,0.075,81.92738464823023,
0.44999999999999996,0.02,0,0.075,81.92738464823023,
0.44999999999999996,0.02,1,0.075,81.92738464823023,
0.44999999999999996,0.02,2,0.075,81.92738464823023,
0.44999999999999996,0.02,3,0.075,81.92738464823023,
0.44999999999999996,0.02,4,0.075,81.92738464823023,
0.44999999999999996,0.02,5,0.075,81.92738464823023,
0.44999999999999996,0.02,6,0.075,81.92738464823023,
0.44999999999999996,0.02,7,0.075,81.92738464823023,
0.44999999999999996,0.02,8,0.075,81.92738464823023,
0.44999999999999996,0.03,0,0.075,81.92738464823023,
0.44999999999999996,0.03,1,0.075,81.92738464823023,
0.44999999999999996,0.03,2,0.075,81.92738464823023,
0.44999999999999996,0.03,3,0.075,81.92738464823023,
0.44999999999999996,0.03,4,0.075,81.92738464823023,
0.44999999999999996,0.03,5,0.075,81.92738464823023,
0.44999999999999996,0.03,6,0.075,81.92738464823023,
0.44999999999999996,0.03,7,0.075,81.92738464823023,
0.44999999999999996,0.03,8,0.075,81.92738464823023,
0.44999999999999996,0.04,0,0.075,81.92738464823023,
0.44999999999999996,0.04,1,0.075,81.92738464823023,
0.44999999999999996,0.04,2,0.075,81.92738464823023,
0.44999999999999996,0.04,3,0.075,81.92738464823023,
0.44999999999999996,0.04,4,0.075,81.92738464823023,
0.44999999999999996,0.04,5,0.075,81.92738464823023,
0.44999999999999996,0.04,6,0.075,81.92738464823023,
0.44999999999999996,0.04,7,0.075,81.92738464823023,
0.44999999999999996,0.04,8,0.075,81.92738464823023,
0.44999999999999996,0.05,0,0.075,81.92738464823023,
0.44999999999999996,0.05,1,0.075,81.92738464823023,
0.44999999999999996,0.05,2,0.075,81.92738464823023,
0.44999999999999996,0.05,3,0.075,81.92738464823023,
0.44999999999999996,0.05,4,0.075,81.92738464823023,
0.44999999999999996,0.05,5,0.075,81.92738464823023,
0.44999999999999996,0.05,6,0.075,81.92738464823023,
0.44999999999999996,0.05,7,0.075,81.92738464823023,
0.44999999999999996,0.05,8,0.075,81.92738464823023,
0.44999999999999996,0.060000000000000005,0,0.075,81.92738464823023,
0.44999999999999996,0.060000000000000005,1,0.075,81.92738464823023,
0.44999999999999996,0.060000000000000005,2,0.075,81.92738464823023,
0.44999999999999996,0.060000000000000005,3,0.075,81.92738464823023,
0.44999999999999996,0.060000000000000005,4,0.075,81.92738464823023,
0.44999999999999996,0.060000000000000005,5,0.075,81.92738464823023,
0.44999999999999996,0.060000000000000005,6,0.075,81.92738464823023,
0.44999999999999996,0.060000000000000005,7,0.075,81.92738464823023,
0.44999999999999996,0.060000000000000005,8,0.075,81.92738464823023,
0.44999999999999996,0.06999999999999999,0,0.075,81.92738464823023,
0.44999999999999996,0.06999999999999999,1,0.075,81.92738464823023,
0.44999999999999996,0.06999999999999999,2,0.075,81.92738464823023,
0.44999999999999996,0.06999999999999999,3,0.075,81.92738464823023,
0.44999999999999996,0.06999999999999999,4,0.075,81.92738464823023,
0.44999999999999996,0.06999999999999999,5,0.075,81.92738464823023,
0.44999999999999996,0.06999999999999999,6,0.075,81.92738464823023,
0.44999999999999996,0.06999999999999999,7,0.075,81.92738464823023,
0.44999999999999996,0.06999999999999999,8,0.075,81.92738464823023,
0.44999999999999996,0.08,0,0.075,81.92738464823023,
0.44999999999999996,0.08,1,0.075,81.92738464823023,
0.44999999999999996,0.08,2,0.075,81.92738464823023,
0.44999999999999996,0.08,3,0.075,81.92738464823023,
0.44999999999999996,0.08,4,0.075,81.92738464823023,
0.44999999999999996,0.08,5,0.075,81.92738464823023,
0.44999999999999996,0.08,6,0.075,81.92738464823023,
0.44999999999999996,0.08,7,0.075,81.92738464823023,
0.44999999999999996,0.08,8,0.075,81.92738464823023,
0.44999999999999996,0.09,0,0.075,81.92738464823023,
0.44999999999999996,0.09,1,0.075,81.92738464823023,
0.44999999999999996,0.09,2,0.075,81.92738464823023,
0.44999999999999996,0.09,3,0.075,81.92738464823023,
0.44999999999999996,0.09,4,0.075,81.92738464823023,
0.44999999999999996,0.09,5,0.075,81.92738464823023,
0.44999999999999996,0.09,6,0.075,81.92738464823023,
0.44999999999999996,0.09,7,0.075,81.92738464823023,
0.44999999999999996,0.09,8,0.075,81.92738464823023,
0.44999999999999996,0.09999999999999999,0,0.075,81.92738464823023,
0.44999999999999996,0.09999999999999999,1,0.075,81.92738464823023,
0.44999999999999996,0.09999999999999999,2,0.075,81.92738464823023,
0.44999999999999996,0.09999999999999999,3,0.075,81.92738464823023,
0.44999999999999996,0.09999999999999999,4,0.075,81.92738464823023,
0.44999999999999996,0.09999999999999999,5,0.075,81.92738464823023,
0.44999999999999996,0.09999999999999999,6,0.075,81.92738464823023,
0.44999999999999996,0.09999999999999999,7,0.075,81.92738464823023,
0.44999999999999996,0.09999999999999999,8,0.075,81.92738464823023,
0.49999999999999994,0.01,0,0.075,86.03746266023875,
0.49999999999999994,0.01,1,0.075,86.03746266023875,
0.49999999999999994,0.01,2,0.075,86.03746266023875,
0.49999999999999994,0.01,3,0.075,86.03746266023875,
0.49999999999999994,0.01,4,0.075,86.03746266023875,
0.49999999999999994,0.01,5,0.075,86.03746266023875,
0.49999999999999994,0.01,6,0.075,86.03746266023875,
0.49999999999999994,0.01,7,0.075,86.03746266023875,
0.49999999999999994,0.01,8,0.075,86.03746266023875,
0.49999999999999994,0.02,0,0.075,86.03746266023875,
0.49999999999999994,0.02,1,0.075,86.03746266023875,
0.49999999999999994,0.02,2,0.075,86.03746266023875,
0.49999999999999994,0.02,3,0.075,86.03746266023875,
0.49999999999999994,0.02,4,0.075,86.03746266023875,
0.49999999999999994,0.02,5,0.075,86.03746266023875,
0.49999999999999994,0.02,6,0.075,86.03746266023875,
0.49999999999999994,0.02,7,0.075,86.03746266023875,
0.49999999999999994,0.02,8,0.075,86.03746266023875,
0.49999999999999994,0.03,0,0.075,86.03746266023875,
0.49999999999999994,0.03,1,0.075,86.03746266023875,
0.49999999999999994,0.03,2,0.075,86.03746266023875,
0.49999999999999994,0.03,3,0.075,86.03746266023875,
0.49999999999999994,0.03,4,0.075,86.03746266023875,
0.49999999999999994,0.03,5,0.075,86.03746266023875,
0.49999999999999994,0.03,6,0.075,86.03746266023875,
0.49999999999999994,0.03,7,0.075,86.03746266023875,
0.49999999999999994,0.03,8,0.075,86.03746266023875,
0.49999999999999994,0.04,0,0.075,86.03746266023875,
0.49999999999999994,0.04,1,0.075,86.03746266023875,
0.49999999999999994,0.04,2,0.075,86.03746266023875,
0.49999999999999994,0.04,3,0.075,86.03746266023875,
0.49999999999999994,0.04,4,0.075,86.03746266023875,
0.49999999999999994,0.04,5,0.075,86.03746266023875,
0.49999999999999994,0.04,6,0.075,86.03746266023875,
0.49999999999999994,0.04,7,0.075,86.03746266023875,
0.49999999999999994,0.04,8,0.075,86.03746266023875,
0.49999999999999994,0.05,0,0.075,86.03746266023875,
0.49999999999999994,0.05,1,0.075,86.03746266023875,
0.49999999999999994,0.05,2,0.075,86.03746266023875,
0.49999999999999994,0.05,3,0.075,86.03746266023875,
0.49999999999999994,0.05,4,0.075,86.03746266023875,
0.49999999999999994,0.05,5,0.075,86.03746266023875,
0.49999999999999994,0.05,6,0.075,86.03746266023875,
0.49999999999999994,0.05,7,0.075,86.03746266023875,
0.49999999999999994,0.05,8,0.075,86.03746266023875,
0.49999999999999994,0.060000000000000005,0,0.075,86.03746266023875,
0.49999999999999994,0.060000000000000005,1,0.075,86.03746266023875,
0.49999999999999994,0.060000000000000005,2,0.075,86.03746266023875,
0.49999999999999994,0.060000000000000005,3,0.075,86.03746266023875,
0.49999999999999994,0.060000000000000005,4,0.075,86.03746266023875,
0.49999999999999994,0.060000000000000005,5,0.075,86.03746266023875,
0.49999999999999994,0.060000000000000005,6,0.075,86.03746266023875,
0.49999999999999994,0.060000000000000005,7,0.075,86.03746266023875,
0.49999999999999994,0.060000000000000005,8,0.075,86.03746266023875,
0.49999999999999994,0.06999999999999999,0,0.075,86.03746266023875,
0.49999999999999994,0.06999999999999999,1,0.075,86.03746266023875,
0.49999999999999994,0.06999999999999999,2,0.075,86.03746266023875,
0.49999999999999994,0.06999999999999999,3,0.075,86.03746266023875,
0.49999999999999994,0.06999999999999999,4,0.075,86.03746266023875,
0.49999999999999994,0.06999999999999999,5,0.075,86.03746266023875,
0.49999999999999994,0.06999999999999999,6,0.075,86.03746266023875,
0.49999999999999994,0.06999999999999999,7,0.075,86.03746266023875,
0.49999999999999994,0.06999999999999999,8,0.075,86.03746266023875,
0.49999999999999994,0.08,0,0.075,86.03746266023875,
0.49999999999999994,0.08,1,0.075,86.03746266023875,
0.49999999999999994,0.08,2,0.075,86.03746266023875,
0.49999999999999994,0.08,3,0.075,86.03746266023875,
0.49999999999999994,0.08,4,0.075,86.03746266023875,
0.49999999999999994,0.08,5,0.075,86.03746266023875,
0.49999999999999994,0.08,6,0.075,86.03746266023875,
0.49999999999999994,0.08,7,0.075,86.03746266023875,
0.49999999999999994,0.08,8,0.075,86.03746266023875,
0.49999999999999994,0.09,0,0.075,86.03746266023875,
0.49999999999999994,0.09,1,0.075,86.03746266023875,
0.49999999999999994,0.09,2,0.075,86.03746266023875,
0.49999999999999994,0.09,3,0.075,86.03746266023875,
0.49999999999999994,0.09,4,0.075,86.03746266023875,
0.49999999999999994,0.09,5,0.075,86.03746266023875,
0.49999999999999994,0.09,6,0.075,86.03746266023875,
0.49999999999999994,0.09,7,0.075,86.03746266023875,
0.49999999999999994,0.09,8,0.075,86.03746266023875,
0.49999999999999994,0.09999999999999999,0,0.075,86.03746266023875,
0.49999999999999994,0.09999999999999999,1,0.075,86.03746266023875,
0.49999999999999994,0.09999999999999999,2,0.075,86.03746266023875,
0.49999999999999994,0.09999999999999999,3,0.075,86.03746266023875,
0.49999999999999994,0.09999999999999999,4,0.075,86.03746266023875,
0.49999999999999994,0.09999999999999999,5,0.075,86.03746266023875,
0.49999999999999994,0.09999999999999999,6,0.075,86.03746266023875,
0.49999999999999994,0.09999999999999999,7,0.075,86.03746266023875,
0.49999999999999994,0.09999999999999999,8,0.075,86.03746266023875,
0.5499999999999999,0.01,0,0.075,90.33735308932806,
0.5499999999999999,0.01,1,0.075,90.33735308932806,
0.5499999999999999,0.01,2,0.075,90.33735308932806,
0.5499999999999999,0.01,3,0.075,90.33735308932806,
0.5499999999999999,0.01,4,0.075,90.33735308932806,
0.5499999999999999,0.01,5,0.075,90.33735308932806,
0.5499999999999999,0.01,6,0.075,90.33735308932806,
0.5499999999999999,0.01,7,0.075,90.33735308932806,
0.5499999999999999,0.01,8,0.075,90.33735308932806,
0.5499999999999999,0.02,0,0.075,90.33735308932806,
0.5499999999999999,0.02,1,0.075,90.33735308932806,
0.5499999999999999,0.02,2,0.075,90.33735308932806,
0.5499999999999999,0.02,3,0.075,90.33735308932806,
0.5499999999999999,0.02,4,0.075,90.33735308932806,
0.5499999999999999,0.02,5,0.075,90.33735308932806,
0.5499999999999999,0.02,6,0.075,90.33735308932806,
0.5499999999999999,0.02,7,0.075,90.33735308932806,
0.5499999999999999,0.02,8,0.075,90.33735308932806,
0.5499999999999999,0.03,0,0.075,90.33735308932806,
0.5499999999999999,0.03,1,0.075,90.33735308932806,
0.5499999999999999,0.03,2,0.075,90.33735308932806,
0.5499999999999999,0.03,3,0.075,90.33735308932806,
0.5499999999999999,0.03,4,0.075,90.33735308932806,
0.5499999999999999,0.03,5,0.075,90.33735308932806,
0.5499999999999999,0.03,6,0.075,90.33735308932806,
0.5499999999999999,0.03,7,0.075,90.33735308932806,
0.5499999999999999,0.03,8,0.075,90.33735308932806,
0.5499999999999999,0.04,0,0.075,90.33735308932806,
0.5499999999999999,0.04,1,0.075,90.33735308932806,
0.5499999999999999,0.04,2,0.075,90.33735308932806,
0.5499999999999999,0.04,3,0.075,90.33735308932806,
0.5499999999999999,0.04,4,0.075,90.33735308932806,
0.5499999999999999,0.04,5,0.075,90.33735308932806,
0.5499999999999999,0.04,6,0.075,90.33735308932806,
0.5499999999999999,0.04,7,0.075,90.33735308932806,
0.5499999999999999,0.04,8,0.075,90.33735308932806,
0.5499999999999999,0.05,0,0.075,90.33735308932806,
0.5499999999999999,0.05,1,0.075,90.33735308932806,
0.5499999999999999,0.05,2,0.075,90.33735308932806,
0.5499999999999999,0.05,3,0.075,90.33735308932806,
0.5499999999999999,0.05,4,0.075,90.33735308932806,
0.5499999999999999,0.05,5,0.075,90.33735308932806,
0.5499999999999999,0.05,6,0.075,90.33735308932806,
0.5499999999999999,0.05,7,0.075,90.33735308932806,
0.5499999999999999,0.05,8,0.075,90.33735308932806,
0.5499999999999999,0.060000000000000005,0,0.075,90.33735308932806,
0.5499999999999999,0.060000000000000005,1,0.075,90.33735308932806,
0.5499999999999999,0.060000000000000005,2,0.075,90.33735308932806,
0.5499999999999999,0.060000000000000005,3,0.075,90.33735308932806,
0.5499999999999999,0.060000000000000005,4,0.075,90.33735308932806,
0.5499999999999999,0.060000000000000005,5,0.075,90.33735308932806,
0.5499999999999999,0.060000000000000005,6,0.075,90.33735308932806,
0.5499999999999999,0.060000000000000005,7,0.075,90.33735308932806,
0.5499999999999999,0.060000000000000005,8,0.075,90.33735308932806,
0.5499999999999999,0.06999999999999999,0,0.075,90.33735308932806,
0.5499999999999999,0.06999999999999999,1,0.075,90.33735308932806,
0.5499999999999999,0.06999999999999999,2,0.075,90.33735308932806,
0.5499999999999999,0.06999999999999999,3,0.075,90.33735308932806,
0.5499999999999999,0.06999999999999999,4,0.075,90.33735308932806,
0.5499999999999999,0.06999999999999999,5,0.075,90.33735308932806,
0.5499999999999999,0.06999999999999999,6,0.075,90.33735308932806,
0.5499999999999999,0.06999999999999999,7,0.075,90.33735308932806,
0.5499999999999999,0.06999999999999999,8,0.075,90.33735308932806,
0.5499999999999999,0.08,0,0.075,90.33735308932806,
0.5499999999999999,0.08,1,0.075,90.33735308932806,
0.5499999999999999,0.08,2,0.075,90.33735308932806,
0.5499999999999999,0.08,3,0.075,90.33735308932806,
0.5499999999999999,0.08,4,0.075,90.33735308932806,
0.5499999999999999,0.08,5,0.075,90.33735308932806,
0.5499999999999999,0.08,6,0.075,90.33735308932806,
0.5499999999999999,0.08,7,0.075,90.33735308932806,
0.5499999999999999,0.08,8,0.075,90.33735308932806,
0.5499999999999999,0.09,0,0.075,90.33735308932806,
0.5499999999999999,0.09,1,0.075,90.33735308932806,
0.5499999999999999,0.09,2,0.075,90.33735308932806,
0.5499999999999999,0.09,3,0.075,90.33735308932806,
0.5499999999999999,0.09,4,0.075,90.33735308932806,
0.5499999999999999,0.09,5,0.075,90.33735308932806,
0.5499999999999999,0.09,6,0.075,90.33735308932806,
0.5499999999999999,0.09,7,0.075,90.33735308932806,
0.5499999999999999,0.09,8,0.075,90.33735308932806,
0.5499999999999999,0.09999999999999999,0,0.075,90.33735308932806,
0.5499999999999999,0.09999999999999999,1,0.075,90.33735308932806,
0.5499999999999999,0.09999999999999999,2,0.075,90.33735308932806,
0.5499999999999999,0.09999999999999999,3,0.075,90.33735308932806,
0.5499999999999999,0.09999999999999999,4,0.075,90.33735308932806,
0.5499999999999999,0.09999999999999999,5,0.075,90.33735308932806,
0.5499999999999999,0.09999999999999999,6,0.075,90.33735308932806,
0.5499999999999999,0.09999999999999999,7,0.075,90.33735308932806,
0.5499999999999999,0.09999999999999999,8,0.075,90.33735308932806,
0.5999999999999999,0.01,0,0.075,94.77224954550235,
0.5999999999999999,0.01,1,0.075,94.77224954550235,
0.5999999999999999,0.01,2,0.075,94.77224954550235,
0.5999999999999999,0.01,3,0.075,94.77224954550235,
0.5999999999999999,0.01,4,0.075,94.77224954550235,
0.5999999999999999,0.01,5,0.075,94.77224954550235,
0.5999999999999999,0.01,6,0.075,94.77224954550235,
0.5999999999999999,0.01,7,0.075,94.77224954550235,
0.5999999999999999,0.01,8,0.075,94.77224954550235,
0.5999999999999999,0.02,0,0.075,94.77224954550235,
0.5999999999999999,0.02,1,0.075,94.77224954550235,
0.5999999999999999,0.02,2,0.075,94.77224954550235,
0.5999999999999999,0.02,3,0.075,94.77224954550235,
0.5999999999999999,0.02,4,0.075,94.77224954550235,
0.5999999999999999,0.02,5,0.075,94.77224954550235,
0.5999999999999999,0.02,6,0.075,94.77224954550235,
0.5999999999999999,0.02,7,0.075,94.77224954550235,
0.5999999999999999,0.02,8,0.075,94.77224954550235,
0.5999999999999999,0.03,0,0.075,94.77224954550235,
0.5999999999999999,0.03,1,0.075,94.77224954550235,
0.5999999999999999,0.03,2,0.075,94.77224954550235,
0.5999999999999999,0.03,3,0.075,94.77224954550235,
0.5999999999999999,0.03,4,0.075,94.77224954550235,
0.5999999999999999,0.03,5,0.075,94.77224954550235,
0.5999999999999999,0.03,6,0.075,94.77224954550235,
0.5999999999999999,0.03,7,0.075,94.77224954550235,
0.5999999999999999,0.03,8,0.075,94.77224954550235,
0.5999999999999999,0.04,0,0.075,94.77224954550235,
0.5999999999999999,0.04,1,0.075,94.77224954550235,
0.5999999999999999,0.04,2,0.075,94.77224954550235,
0.5999999999999999,0.04,3,0.075,94.77224954550235,
0.5999999999999999,0.04,4,0.075,94.77224954550235,
0.5999999999999999,0.04,5,0.075,94.77224954550235,
0.5999999999999999,0.04,6,0.075,94.77224954550235,
0.5999999999999999,0.04,7,0.075,94.77224954550235,
0.5999999999999999,0.04,8,0.075,94.77224954550235,
0.5999999999999999,0.05,0,0.075,94.77224954550235,
0.5999999999999999,0.05,1,0.075,94.77224954550235,
0.5999999999999999,0.05,2,0.075,94.77224954550235,
0.5999999999999999,0.05,3,0.075,94.77224954550235,
0.5999999999999999,0.05,4,0.075,94.77224954550235,
0.5999999999999999,0.05,5,0.075,94.77224954550235,
0.5999999999999999,0.05,6,0.075,94.77224954550235,
0.5999999999999999,0.05,7,0.075,94.77224954550235,
0.5999999999999999,0.05,8,0.075,94.77224954550235,
0.5999999999999999,0.060000000000000005,0,0.075,94.77224954550235,
0.5999999999999999,0.060000000000000005,1,0.075,94.77224954550235,
0.5999999999999999,0.060000000000000005,2,0.075,94.77224954550235,
0.5999999999999999,0.060000000000000005,3,0.075,94.77224954550235,
0.5999999999999999,0.060000000000000005,4,0.075,94.77224954550235,
0.5999999999999999,0.060000000000000005,5,0.075,94.77224954550235,
0.5999999999999999,0.060000000000000005,6,0.075,94.77224954550235,
0.5999999999999999,0.060000000000000005,7,0.075,94.77224954550235,
0.5999999999999999,0.060000000000000005,8,0.075,94.77224954550235,
0.5999999999999999,0.06999999999999999,0,0.075,94.77224954550235,
0.5999999999999999,0.06999999999999999,1,0.075,94.77224954550235,
0.5999999999999999,0.06999999999999999,2,0.075,94.77224954550235,
0.5999999999999999,0.06999999999999999,3,0.075,94.77224954550235,
0.5999999999999999,0.06999999999999999,4,0.075,94.77224954550235,
0.5999999999999999,0.06999999999999999,5,0.075,94.77224954550235,
0.5999999999999999,0.06999999999999999,6,0.075,94.77224954550235,
0.5999999999999999,0.06999999999999999,7,0.075,94.77224954550235,
0.5999999999999999,0.06999999999999999,8,0.075,94.77224954550235,
0.5999999999999999,0.08,0,0.075,94.77224954550235,
0.5999999999999999,0.08,1,0.075,94.77224954550235,
0.5999999999999999,0.08,2,0.075,94.77224954550235,
0.5999999999999999,0.08,3,0.075,94.77224954550235,
0.5999999999999999,0.08,4,0.075,94.77224954550235,
0.5999999999999999,0.08,5,0.075,94.77224954550235,
0.5999999999999999,0.08,6,0.075,94.77224954550235,
0.5999999999999999,0.08,7,0.075,94.77224954550235,
0.5999999999999999,0.08,8,0.075,94.77224954550235,
0.5999999999999999,0.09,0,0.075,94.77224954550235,
0.5999999999999999,0.09,1,0.075,94.77224954550235,
0.5999999999999999,0.09,2,0.075,94.77224954550235,
0.5999999999999999,0.09,3,0.075,94.77224954550235,
0.5999999999999999,0.09,4,0.075,94.77224954550235,
0.5999999999999999,0.09,5,0.075,94.77224954550235,
0.5999999999999999,0.09,6,0.075,94.77224954550235,
0.5999999999999999,0.09,7,0.075,94.77224954550235,
0.5999999999999999,0.09,8,0.075,94.77224954550235,
0.5999999999999999,0.09999999999999999,0,0.075,94.77224954550235,
0.5999999999999999,0.09999999999999999,1,0.075,94.77224954550235,
0.5999999999999999,0.09999999999999999,2,0.075,94.77224954550235,
0.5999999999999999,0.09999999999999999,3,0.075,94.77224954550235,
0.5999999999999999,0.09999999999999999,4,0.075,94.77224954550235,
0.5999999999999999,0.09999999999999999,5,0.075,94.77224954550235,
0.5999999999999999,0.09999999999999999,6,0.075,94.77224954550235,
0.5999999999999999,0.09999999999999999,7,0.075,94.77224954550235,
0.5999999999999999,0.09999999999999999,8,0.075,94.77224954550235,
0.6499999999999999,0.01,0,0.075,99.29881965499423,
0.6499999999999999,0.01,1,0.075,99.29881965499423,
0.6499999999999999,0.01,2,0.075,99.29881965499423,
0.6499999999999999,0.01,3,0.075,99.29881965499423,
0.6499999999999999,0.01,4,0.075,99.29881965499423,
0.6499999999999999,0.01,5,0.075,99.29881965499423,
0.6499999999999999,0.01,6,0.075,99.29881965499423,
0.6499999999999999,0.01,7,0.075,99.29881965499423,
0.6499999999999999,0.01,8,0.075,99.29881965499423,
0.6499999999999999,0.02,0,0.075,99.29881965499423,
0.6499999999999999,0.02,1,0.075,99.29881965499423,
0.6499999999999999,0.02,2,0.075,99.29881965499423,
0.6499999999999999,0.02,3,0.075,99.29881965499423,
0.6499999999999999,0.02,4,0.075,99.29881965499423,
0.6499999999999999,0.02,5,0.075,99.29881965499423,
0.6499999999999999,0.02,6,0.075,99.29881965499423,
0.6499999999999999,0.02,7,0.075,99.29881965499423,
0.6499999999999999,0.02,8,0.075,99.29881965499423,
0.6499999999999999,0.03,0,0.075,99.29881965499423,
0.6499999999999999,0.03,1,0.075,99.29881965499423,
0.6499999999999999,0.03,2,0.075,99.29881965499423,
0.6499999999999999,0.03,3,0.075,99.29881965499423,
0.6499999999999999,0.03,4,0.075,99.29881965499423,
0.6499999999999999,0.03,5,0.075,99.29881965499423,
0.6499999999999999,0.03,6,0.075,99.29881965499423,
0.6499999999999999,0.03,7,0.075,99.29881965499423,
0.6499999999999999,0.03,8,0.075,99.29881965499423,
0.6499999999999999,0.04,0,0.075,99.29881965499423,
0.6499999999999999,0.04,1,0.075,99.29881965499423,
0.6499999999999999,0.04,2,0.075,99.29881965499423,
0.6499999999999999,0.04,3,0.075,99.29881965499423,
0.6499999999999999,0.04,4,0.075,99.29881965499423,
0.6499999999999999,0.04,5,0.075,99.29881965499423,
0.6499999999999999,0.04,6,0.075,99.29881965499423,
0.6499999999999999,0.04,7,0.075,99.29881965499423,
0.6499999999999999,0.04,8,0.075,99.29881965499423,
0.6499999999999999,0.05,0,0.075,99.29881965499423,
0.6499999999999999,0.05,1,0.075,99.29881965499423,
0.6499999999999999,0.05,2,0.075,99.29881965499423,
0.6499999999999999,0.05,3,0.075,99.29881965499423,
0.6499999999999999,0.05,4,0.075,99.29881965499423,
0.6499999999999999,0.05,5,0.075,99.29881965499423,
0.6499999999999999,0.05,6,0.075,99.29881965499423,
0.6499999999999999,0.05,7,0.075,99.29881965499423,
0.6499999999999999,0.05,8,0.075,99.29881965499423,
0.6499999999999999,0.060000000000000005,0,0.075,99.29881965499423,
0.6499999999999999,0.060000000000000005,1,0.075,99.29881965499423,
0.6499999999999999,0.060000000000000005,2,0.075,99.29881965499423,
0.6499999999999999,0.060000000000000005,3,0.075,99.29881965499423,
0.6499999999999999,0.060000000000000005,4,0.075,99.29881965499423,
0.6499999999999999,0.060000000000000005,5,0.075,99.29881965499423,
0.6499999999999999,0.060000000000000005,6,0.075,99.29881965499423,
0.6499999999999999,0.060000000000000005,7,0.075,99.29881965499423,
0.6499999999999999,0.060000000000000005,8,0.075,99.29881965499423,
0.6499999999999999,0.06999999999999999,0,0.075,99.29881965499423,
0.6499999999999999,0.06999999999999999,1,0.075,99.29881965499423,
0.6499999999999999,0.06999999999999999,2,0.075,99.29881965499423,
0.6499999999999999,0.06999999999999999,3,0.075,99.29881965499423,
0.6499999999999999,0.06999999999999999,4,0.075,99.29881965499423,
0.6499999999999999,0.06999999999999999,5,0.075,99.29881965499423,
0.6499999999999999,0.06999999999999999,6,0.075,99.29881965499423,
0.6499999999999999,0.06999999999999999,7,0.075,99.29881965499423,
0.6499999999999999,0.06999999999999999,8,0.075,99.29881965499423,
0.6499999999999999,0.08,0,0.075,99.29881965499423,
0.6499999999999999,0.08,1,0.075,99.29881965499423,
0.6499999999999999,0.08,2,0.075,99.29881965499423,
0.6499999999999999,0.08,3,0.075,99.29881965499423,
0.6499999999999999,0.08,4,0.075,99.29881965499423,
0.6499999999999999,0.08,5,0.075,99.29881965499423,
0.6499999999999999,0.08,6,0.075,99.29881965499423,
0.6499999999999999,0.08,7,0.075,99.29881965499423,
0.6499999999999999,0.08,8,0.075,99.29881965499423,
0.6499999999999999,0.09,0,0.075,99.29881965499423,
0.6499999999999999,0.09,1,0.075,99.29881965499423,
0.6499999999999999,0.09,2,0.075,99.29881965499423,
0.6499999999999999,0.09,3,0.075,99.29881965499423,
0.6499999999999999,0.09,4,0.075,99.29881965499423,
0.6499999999999999,0.09,5,0.075,99.29881965499423,
0.6499999999999999,0.09,6,0.075,99.29881965499423,
0.6499999999999999,0.09,7,0.075,99.29881965499423,
0.6499999999999999,0.09,8,0.075,99.29881965499423,
0.6499999999999999,0.09999999999999999,0,0.075,99.29881965499423,
0.6499999999999999,0.09999999999999999,1,0.075,99.29881965499423,
0.6499999999999999,0.09999999999999999,2,0.075,99.29881965499423,
0.6499999999999999,0.09999999999999999,3,0.075,99.29881965499423,
0.6499999999999999,0.09999999999999999,4,0.075,99.29881965499423,
0.6499999999999999,0.09999999999999999,5,0.075,99.29881965499423,
0.6499999999999999,0.09999999999999999,6,0.075,99.29881965499423,
0.6499999999999999,0.09999999999999999,7,0.075,99.29881965499423,
0.6499999999999999,0.09999999999999999,8,0.075,99.29881965499423,
0.7,0.01,0,0.075,103.88246371846373,
0.7,0.01,1,0.075,103.88246371846373,
0.7,0.01,2,0.075,103.88246371846373,
0.7,0.01,3,0.075,103.88246371846373,
0.7,0.01,4,0.075,103.88246371846373,
0.7,0.01,5,0.075,103.88246371846373,
0.7,0.01,6,0.075,103.88246371846373,
0.7,0.01,7,0.075,103.88246371846373,
0.7,0.01,8,0.075,103.88246371846373,
0.7,0.02,0,0.075,103.88246371846373,
0.7,0.02,1,0.075,103.88246371846373,
0.7,0.02,2,0.075,103.88246371846373,
0.7,0.02,3,0.075,103.88246371846373,
0.7,0.02,4,0.075,103.88246371846373,
0.7,0.02,5,0.075,103.88246371846373,
0.7,0.02,6,0.075,103.88246371846373,
0.7,0.02,7,0.075,103.88246371846373,
0.7,0.02,8,0.075,103.88246371846373,
0.7,0.03,0,0.075,103.88246371846373,
0.7,0.03,1,0.075,103.88246371846373,
0.7,0.03,2,0.075,103.88246371846373,
0.7,0.03,3,0.075,103.88246371846373,
0.7,0.03,4,0.075,103.88246371846373,
0.7,0.03,5,0.075,103.88246371846373,
0.7,0.03,6,0.075,103.88246371846373,
0.7,0.03,7,0.075,103.88246371846373,
0.7,0.03,8,0.075,103.88246371846373,
0.7,0.04,0,0.075,103.88246371846373,
0.7,0.04,1,0.075,103.88246371846373,
0.7,0.04,2,0.075,103.88246371846373,
0.7,0.04,3,0.075,103.88246371846373,
0.7,0.04,4,0.075,103.88246371846373,
0.7,0.04,5,0.075,103.88246371846373,
0.7,0.04,6,0.075,103.88246371846373,
0.7,0.04,7,0.075,103.88246371846373,
0.7,0.04,8,0.075,103.88246371846373,
0.7,0.05,0,0.075,103.88246371846373,
0.7,0.05,1,0.075,103.88246371846373,
0.7,0.05,2,0.075,103.88246371846373,
0.7,0.05,3,0.075,103.88246371846373,
0.7,0.05,4,0.075,103.88246371846373,
0.7,0.05,5,0.075,103.88246371846373,
0.7,0.05,6,0.075,103.88246371846373,
0.7,0.05,7,0.075,103.88246371846373,
0.7,0.05,8,0.075,103.88246371846373,
0.7,0.060000000000000005,0,0.075,103.88246371846373,
0.7,0.060000000000000005,1,0.075,103.88246371846373,
0.7,0.060000000000000005,2,0.075,103.88246371846373,
0.7,0.060000000000000005,3,0.075,103.88246371846373,
0.7,0.060000000000000005,4,0.075,103.88246371846373,
0.7,0.060000000000000005,5,0.075,103.88246371846373,
0.7,0.060000000000000005,6,0.075,103.88246371846373,
0.7,0.060000000000000005,7,0.075,103.88246371846373,
0.7,0.060000000000000005,8,0.075,103.88246371846373,
0.7,0.06999999999999999,0,0.075,103.88246371846373,
0.7,0.06999999999999999,1,0.075,103.88246371846373,
0.7,0.06999999999999999,2,0.075,103.88246371846373,
0.7,0.06999999999999999,3,0.075,103.88246371846373,
0.7,0.06999999999999999,4,0.075,103.88246371846373,
0.7,0.06999999999999999,5,0.075,103.88246371846373,
0.7,0.06999999999999999,6,0.075,103.88246371846373,
0.7,0.06999999999999999,7,0.075,103.88246371846373,
0.7,0.06999999999999999,8,0.075,103.88246371846373,
0.7,0.08,0,0.075,103.88246371846373,
0.7,0.08,1,0.075,103.88246371846373,
0.7,0.08,2,0.075,103.88246371846373,
0.7,0.08,3,0.075,103.88246371846373,
0.7,0.08,4,0.075,103.88246371846373,
0.7,0.08,5,0.075,103.88246371846373,
0.7,0.08,6,0.075,103.88246371846373,
0.7,0.08,7,0.075,103.88246371846373,
0.7,0.08,8,0.075,103.88246371846373,
0.7,0.09,0,0.075,103.88246371846373,
0.7,0.09,1,0.075,103.88246371846373,
0.7,0.09,2,0.075,103.88246371846373,
0.7,0.09,3,0.075,103.88246371846373,
0.7,0.09,4,0.075,103.88246371846373,
0.7,0.09,5,0.075,103.88246371846373,
0.7,0.09,6,0.075,103.88246371846373,
0.7,0.09,7,0.075,103.88246371846373,
0.7,0.09,8,0.075,103.88246371846373,
0.7,0.09999999999999999,0,0.075,103.88246371846373,
0.7,0.09999999999999999,1,0.075,103.88246371846373,
0.7,0.09999999999999999,2,0.075,103.88246371846373,
0.7,0.09999999999999999,3,0.075,103.88246371846373,
0.7,0.09999999999999999,4,0.075,103.88246371846373,
0.7,0.09999999999999999,5,0.075,103.88246371846373,
0.7,0.09999999999999999,6,0.075,103.88246371846373,
0.7,0.09999999999999999,7,0.075,103.88246371846373,
0.7,0.09999999999999999,8,0.075,103.88246371846373,
0.7499999999999998,0.01,0,0.075,108.49523705964044,
0.7499999999999998,0.01,1,0.075,108.49523705964044,
0.7499999999999998,0.01,2,0.075,108.49523705964044,
0.7499999999999998,0.01,3,0.075,108.49523705964044,
0.7499999999999998,0.01,4,0.075,108.49523705964044,
0.7499999999999998,0.01,5,0.075,108.49523705964044,
0.7499999999999998,0.01,6,0.075,108.49523705964044,
0.7499999999999998,0.01,7,0.075,108.49523705964044,
0.7499999999999998,0.01,8,0.075,108.49523705964044,
0.7499999999999998,0.02,0,0.075,108.49523705964044,
0.7499999999999998,0.02,1,0.075,108.49523705964044,
0.7499999999999998,0.02,2,0.075,108.49523705964044,
0.7499999999999998,0.02,3,0.075,108.49523705964044,
0.7499999999999998,0.02,4,0.075,108.49523705964044,
0.7499999999999998,0.02,5,0.075,108.49523705964044,
0.7499999999999998,0.02,6,0.075,108.49523705964044,
0.7499999999999998,0.02,7,0.075,108.49523705964044,
0.7499999999999998,0.02,8,0.075,108.49523705964044,
0.7499999999999998,0.03,0,0.075,108.49523705964044,
0.7499999999999998,0.03,1,0.075,108.49523705964044,
0.7499999999999998,0.03,2,0.075,108.49523705964044,
0.7499999999999998,0.03,3,0.075,108.49523705964044,
0.7499999999999998,0.03,4,0.075,108.49523705964044,
0.7499999999999998,0.03,5,0.075,108.49523705964044,
0.7499999999999998,0.03,6,0.075,108.49523705964044,
0.7499999999999998,0.03,7,0.075,108.49523705964044,
0.7499999999999998,0.03,8,0.075,108.49523705964044,
0.7499999999999998,0.04,0,0.075,108.49523705964044,
0.7499999999999998,0.04,1,0.075,108.49523705964044,
0.7499999999999998,0.04,2,0.075,108.49523705964044,
0.7499999999999998,0.04,3,0.075,108.49523705964044,
0.7499999999999998,0.04,4,0.075,108.49523705964044,
0.7499999999999998,0.04,5,0.075,108.49523705964044,
0.7499999999999998,0.04,6,0.075,108.49523705964044,
0.7499999999999998,0.04,7,0.075,108.49523705964044,
0.7499999999999998,0.04,8,0.075,108.49523705964044,
0.7499999999999998,0.05,0,0.075,108.49523705964044,
0.7499999999999998,0.05,1,0.075,108.49523705964044,
0.7499999999999998,0.05,2,0.075,108.49523705964044,
0.7499999999999998,0.05,3,0.075,108.49523705964044,
0.7499999999999998,0.05,4,0.075,108.49523705964044,
0.7499999999999998,0.05,5,0.075,108.49523705964044,
0.7499999999999998,0.05,6,0.075,108.49523705964044,
0.7499999999999998,0.05,7,0.075,108.49523705964044,
0.7499999999999998,0.05,8,0.075,108.49523705964044,
0.7499999999999998,0.060000000000000005,0,0.075,108.49523705964044,
0.7499999999999998,0.060000000000000005,1,0.075,108.49523705964044,
0.7499999999999998,0.060000000000000005,2,0.075,108.49523705964044,
0.7499999999999998,0.060000000000000005,3,0.075,108.49523705964044,
0.7499999999999998,0.060000000000000005,4,0.075,108.49523705964044,
0.7499999999999998,0.060000000000000005,5,0.075,108.49523705964044,
0.7499999999999998,0.060000000000000005,6,0.075,108.49523705964044,
0.7499999999999998,0.060000000000000005,7,0.075,108.49523705964044,
0.7499999999999998,0.060000000000000005,8,0.075,108.49523705964044,
0.7499999999999998,0.06999999999999999,0,0.075,108.49523705964044,
0.7499999999999998,0.06999999999999999,1,0.075,108.49523705964044,
0.7499999999999998,0.06999999999999999,2,0.075,108.49523705964044,
0.7499999999999998,0.06999999999999999,3,0.075,108.49523705964044,
0.7499999999999998,0.06999999999999999,4,0.075,108.49523705964044,
0.7499999999999998,0.06999999999999999,5,0.075,108.49523705964044,
0.7499999999999998,0.06999999999999999,6,0.075,108.49523705964044,
0.7499999999999998,0.06999999999999999,7,0.075,108.49523705964044,
0.7499999999999998,0.06999999999999999,8,0.075,108.49523705964044,
0.7499999999999998,0.08,0,0.075,108.49523705964044,
0.7499999999999998,0.08,1,0.075,108.49523705964044,
0.7499999999999998,0.08,2,0.075,108.49523705964044,
0.7499999999999998,0.08,3,0.075,108.49523705964044,
0.7499999999999998,0.08,4,0.075,108.49523705964044,
0.7499999999999998,0.08,5,0.075,108.49523705964044,
0.7499999999999998,0.08,6,0.075,108.49523705964044,
0.7499999999999998,0.08,7,0.075,108.49523705964044,
0.7499999999999998,0.08,8,0.075,108.49523705964044,
0.7499999999999998,0.09,0,0.075,108.49523705964044,
0.7499999999999998,0.09,1,0.075,108.49523705964044,
0.7499999999999998,0.09,2,0.075,108.49523705964044,
0.7499999999999998,0.09,3,0.075,108.49523705964044,
0.7499999999999998,0.09,4,0.075,108.49523705964044,
0.7499999999999998,0.09,5,0.075,108.49523705964044,
0.7499999999999998,0.09,6,0.075,108.49523705964044,
0.7499999999999998,0.09,7,0.075,108.49523705964044,
0.7499999999999998,0.09,8,0.075,108.49523705964044,
0.7499999999999998,0.09999999999999999,0,0.075,108.49523705964044,
0.7499999999999998,0.09999999999999999,1,0.075,108.49523705964044,
0.7499999999999998,0.09999999999999999,2,0.075,108.49523705964044,
0.7499999999999998,0.09999999999999999,3,0.075,108.49523705964044,
0.7499999999999998,0.09999999999999999,4,0.075,108.49523705964044,
0.7499999999999998,0.09999999999999999,5,0.075,108.49523705964044,
0.7499999999999998,0.09999999999999999,6,0.075,108.49523705964044,
0.7499999999999998,0.09999999999999999,7,0.075,108.49523705964044,
0.7499999999999998,0.09999999999999999,8,0.075,108.49523705964044,
0.7999999999999998,0.01,0,0.075,113.11430441063077,
0.7999999999999998,0.01,1,0.075,113.11430441063077,
0.7999999999999998,0.01,2,0.075,113.11430441063077,
0.7999999999999998,0.01,3,0.075,113.11430441063077,
0.7999999999999998,0.01,4,0.075,113.11430441063077,
0.7999999999999998,0.01,5,0.075,113.11430441063077,
0.7999999999999998,0.01,6,0.075,113.11430441063077,
0.7999999999999998,0.01,7,0.075,113.11430441063077,
0.7999999999999998,0.01,8,0.075,113.11430441063077,
0.7999999999999998,0.02,0,0.075,113.11430441063077,
0.7999999999999998,0.02,1,0.075,113.11430441063077,
0.7999999999999998,0.02,2,0.075,113.11430441063077,
0.7999999999999998,0.02,3,0.075,113.11430441063077,
0.7999999999999998,0.02,4,0.075,113.11430441063077,
0.7999999999999998,0.02,5,0.075,113.11430441063077,
0.7999999999999998,0.02,6,0.075,113.11430441063077,
0.7999999999999998,0.02,7,0.075,113.11430441063077,
0.7999999999999998,0.02,8,0.075,113.11430441063077,
0.7999999999999998,0.03,0,0.075,113.11430441063077,
0.7999999999999998,0.03,1,0.075,113.11430441063077,
0.7999999999999998,0.03,2,0.075,113.11430441063077,
0.7999999999999998,0.03,3,0.075,113.11430441063077,
0.7999999999999998,0.03,4,0.075,113.11430441063077,
0.7999999999999998,0.03,5,0.075,113.11430441063077,
0.7999999999999998,0.03,6,0.075,113.11430441063077,
0.7999999999999998,0.03,7,0.075,113.11430441063077,
0.7999999999999998,0.03,8,0.075,113.11430441063077,
0.7999999999999998,0.04,0,0.075,113.11430441063077,
0.7999999999999998,0.04,1,0.075,113.11430441063077,
0.7999999999999998,0.04,2,0.075,113.11430441063077,
0.7999999999999998,0.04,3,0.075,113.11430441063077,
0.7999999999999998,0.04,4,0.075,113.11430441063077,
0.7999999999999998,0.04,5,0.075,113.11430441063077,
0.7999999999999998,0.04,6,0.075,113.11430441063077,
0.7999999999999998,0.04,7,0.075,113.11430441063077,
0.7999999999999998,0.04,8,0.075,113.11430441063077,
0.7999999999999998,0.05,0,0.075,113.11430441063077,
0.7999999999999998,0.05,1,0.075,113.11430441063077,
0.7999999999999998,0.05,2,0.075,113.11430441063077,
0.7999999999999998,0.05,3,0.075,113.11430441063077,
0.7999999999999998,0.05,4,0.075,113.11430441063077,
0.7999999999999998,0.05,5,0.075,113.11430441063077,
0.7999999999999998,0.05,6,0.075,113.11430441063077,
0.7999999999999998,0.05,7,0.075,113.11430441063077,
0.7999999999999998,0.05,8,0.075,113.11430441063077,
0.7999999999999998,0.060000000000000005,0,0.075,113.11430441063077,
0.7999999999999998,0.060000000000000005,1,0.075,113.11430441063077,
0.7999999999999998,0.060000000000000005,2,0.075,113.11430441063077,
0.7999999999999998,0.060000000000000005,3,0.075,113.11430441063077,
0.7999999999999998,0.060000000000000005,4,0.075,113.11430441063077,
0.7999999999999998,0.060000000000000005,5,0.075,113.11430441063077,
0.7999999999999998,0.060000000000000005,6,0.075,113.11430441063077,
0.7999999999999998,0.060000000000000005,7,0.075,113.11430441063077,
0.7999999999999998,0.060000000000000005,8,0.075,113.11430441063077,
0.7999999999999998,0.06999999999999999,0,0.075,113.11430441063077,
0.7999999999999998,0.06999999999999999,1,0.075,113.11430441063077,
0.7999999999999998,0.06999999999999999,2,0.075,113.11430441063077,
0.7999999999999998,0.06999999999999999,3,0.075,113.11430441063077,
0.7999999999999998,0.06999999999999999,4,0.075,113.11430441063077,
0.7999999999999998,0.06999999999999999,5,0.075,113.11430441063077,
0.7999999999999998,0.06999999999999999,6,0.075,113.11430441063077,
0.7999999999999998,0.06999999999999999,7,0.075,113.11430441063077,
0.7999999999999998,0.06999999999999999,8,0.075,113.11430441063077,
0.7999999999999998,0.08,0,0.075,113.11430441063077,
0.7999999999999998,0.08,1,0.075,113.11430441063077,
0.7999999999999998,0.08,2,0.075,113.11430441063077,
0.7999999999999998,0.08,3,0.075,113.11430441063077,
0.7999999999999998,0.08,4,0.075,113.11430441063077,
0.7999999999999998,0.08,5,0.075,113.11430441063077,
0.7999999999999998,0.08,6,0.075,113.11430441063077,
0.7999999999999998,0.08,7,0.075,113.11430441063077,
0.7999999999999998,0.08,8,0.075,113.11430441063077,
0.7999999999999998,0.09,0,0.075,113.11430441063077,
0.7999999999999998,0.09,1,0.075,113.11430441063077,
0.7999999999999998,0.09,2,0.075,113.11430441063077,
0.7999999999999998,0.09,3,0.075,113.11430441063077,
0.7999999999999998,0.09,4,0.075,113.11430441063077,
0.7999999999999998,0.09,5,0.075,113.11430441063077,
0.7999999999999998,0.09,6,0.075,113.11430441063077,
0.7999999999999998,0.09,7,0.075,113.11430441063077,
0.7999999999999998,0.09,8,0.075,113.11430441063077,
0.7999999999999998,0.09999999999999999,0,0.075,113.11430441063077,
0.7999999999999998,0.09999999999999999,1,0.075,113.11430441063077,
0.7999999999999998,0.09999999999999999,2,0.075,113.11430441063077,
0.7999999999999998,0.09999999999999999,3,0.075,113.11430441063077,
0.7999999999999998,0.09999999999999999,4,0.075,113.11430441063077,
0.7999999999999998,0.09999999999999999,5,0.075,113.11430441063077,
0.7999999999999998,0.09999999999999999,6,0.075,113.11430441063077,
0.7999999999999998,0.09999999999999999,7,0.075,113.11430441063077,
0.7999999999999998,0.09999999999999999,8,0.075,113.11430441063077,
0.8499999999999999,0.01,0,0.075,117.72079601525286,
0.8499999999999999,0.01,1,0.075,117.72079601525286,
0.8499999999999999,0.01,2,0.075,117.72079601525286,
0.8499999999999999,0.01,3,0.075,117.72079601525286,
0.8499999999999999,0.01,4,0.075,117.72079601525286,
0.8499999999999999,0.01,5,0.075,117.72079601525286,
0.8499999999999999,0.01,6,0.075,117.72079601525286,
0.8499999999999999,0.01,7,0.075,117.72079601525286,
0.8499999999999999,0.01,8,0.075,117.72079601525286,
0.8499999999999999,0.02,0,0.075,117.72079601525286,
0.8499999999999999,0.02,1,0.075,117.72079601525286,
0.8499999999999999,0.02,2,0.075,117.72079601525286,
0.8499999999999999,0.02,3,0.075,117.72079601525286,
0.8499999999999999,0.02,4,0.075,117.72079601525286,
0.8499999999999999,0.02,5,0.075,117.72079601525286,
0.8499999999999999,0.02,6,0.075,117.72079601525286,
0.8499999999999999,0.02,7,0.075,117.72079601525286,
0.8499999999999999,0.02,8,0.075,117.72079601525286,
0.8499999999999999,0.03,0,0.075,117.72079601525286,
0.8499999999999999,0.03,1,0.075,117.72079601525286,
0.8499999999999999,0.03,2,0.075,117.72079601525286,
0.8499999999999999,0.03,3,0.075,117.72079601525286,
0.8499999999999999,0.03,4,0.075,117.72079601525286,
0.8499999999999999,0.03,5,0.075,117.72079601525286,
0.8499999999999999,0.03,6,0.075,117.72079601525286,
0.8499999999999999,0.03,7,0.075,117.72079601525286,
0.8499999999999999,0.03,8,0.075,117.72079601525286,
0.8499999999999999,0.04,0,0.075,117.72079601525286,
0.8499999999999999,0.04,1,0.075,117.72079601525286,
0.8499999999999999,0.04,2,0.075,117.72079601525286,
0.8499999999999999,0.04,3,0.075,117.72079601525286,
0.8499999999999999,0.04,4,0.075,117.72079601525286,
0.8499999999999999,0.04,5,0.075,117.72079601525286,
0.8499999999999999,0.04,6,0.075,117.72079601525286,
0.8499999999999999,0.04,7,0.075,117.72079601525286,
0.8499999999999999,0.04,8,0.075,117.72079601525286,
0.8499999999999999,0.05,0,0.075,117.72079601525286,
0.8499999999999999,0.05,1,0.075,117.72079601525286,
0.8499999999999999,0.05,2,0.075,117.72079601525286,
0.8499999999999999,0.05,3,0.075,117.72079601525286,
0.8499999999999999,0.05,4,0.075,117.72079601525286,
0.8499999999999999,0.05,5,0.075,117.72079601525286,
0.8499999999999999,0.05,6,0.075,117.72079601525286,
0.8499999999999999,0.05,7,0.075,117.72079601525286,
0.8499999999999999,0.05,8,0.075,117.72079601525286,
0.8499999999999999,0.060000000000000005,0,0.075,117.72079601525286,
0.8499999999999999,0.060000000000000005,1,0.075,117.72079601525286,
0.8499999999999999,0.060000000000000005,2,0.075,117.72079601525286,
0.8499999999999999,0.060000000000000005,3,0.075,117.72079601525286,
0.8499999999999999,0.060000000000000005,4,0.075,117.72079601525286,
0.8499999999999999,0.060000000000000005,5,0.075,117.72079601525286,
0.8499999999999999,0.060000000000000005,6,0.075,117.72079601525286,
0.8499999999999999,0.060000000000000005,7,0.075,117.72079601525286,
0.8499999999999999,0.060000000000000005,8,0.075,117.72079601525286,
0.8499999999999999,0.06999999999999999,0,0.075,117.72079601525286,
0.8499999999999999,0.06999999999999999,1,0.075,117.72079601525286,
0.8499999999999999,0.06999999999999999,2,0.075,117.72079601525286,
0.8499999999999999,0.06999999999999999,3,0.075,117.72079601525286,
0.8499999999999999,0.06999999999999999,4,0.075,117.72079601525286,
0.8499999999999999,0.06999999999999999,5,0.075,117.72079601525286,
0.8499999999999999,0.06999999999999999,6,0.075,117.72079601525286,
0.8499999999999999,0.06999999999999999,7,0.075,117.72079601525286,
0.8499999999999999,0.06999999999999999,8,0.075,117.72079601525286,
0.8499999999999999,0.08,0,0.075,117.72079601525286,
0.8499999999999999,0.08,1,0.075,117.72079601525286,
0.8499999999999999,0.08,2,0.075,117.72079601525286,
0.8499999999999999,0.08,3,0.075,117.72079601525286,
0.8499999999999999,0.08,4,0.075,117.72079601525286,
0.8499999999999999,0.08,5,0.075,117.72079601525286,
0.8499999999999999,0.08,6,0.075,117.72079601525286,
0.8499999999999999,0.08,7,0.075,117.72079601525286,
0.8499999999999999,0.08,8,0.075,117.72079601525286,
0.8499999999999999,0.09,0,0.075,117.72079601525286,
0.8499999999999999,0.09,1,0.075,117.72079601525286,
0.8499999999999999,0.09,2,0.075,117.72079601525286,
0.8499999999999999,0.09,3,0.075,117.72079601525286,
0.8499999999999999,0.09,4,0.075,117.72079601525286,
0.8499999999999999,0.09,5,0.075,117.72079601525286,
0.8499999999999999,0.09,6,0.075,117.72079601525286,
0.8499999999999999,0.09,7,0.075,117.72079601525286,
0.8499999999999999,0.09,8,0.075,117.72079601525286,
0.8499999999999999,0.09999999999999999,0,0.075,117.72079601525286,
0.8499999999999999,0.09999999999999999,1,0.075,117.72079601525286,
0.8499999999999999,0.09999999999999999,2,0.075,117.72079601525286,
0.8499999999999999,0.09999999999999999,3,0.075,117.72079601525286,
0.8499999999999999,0.09999999999999999,4,0.075,117.72079601525286,
0.8499999999999999,0.09999999999999999,5,0.075,117.72079601525286,
0.8499999999999999,0.09999999999999999,6,0.075,117.72079601525286,
0.8499999999999999,0.09999999999999999,7,0.075,117.72079601525286,
0.8499999999999999,0.09999999999999999,8,0.075,117.72079601525286,
0.8999999999999999,0.01,0,0.075,122.2989596419682,
0.8999999999999999,0.01,1,0.075,122.2989596419682,
0.8999999999999999,0.01,2,0.075,122.2989596419682,
0.8999999999999999,0.01,3,0.075,122.2989596419682,
0.8999999999999999,0.01,4,0.075,122.2989596419682,
0.8999999999999999,0.01,5,0.075,122.2989596419682,
0.8999999999999999,0.01,6,0.075,122.2989596419682,
0.8999999999999999,0.01,7,0.075,122.2989596419682,
0.8999999999999999,0.01,8,0.075,122.2989596419682,
0.8999999999999999,0.02,0,0.075,122.2989596419682,
0.8999999999999999,0.02,1,0.075,122.2989596419682,
0.8999999999999999,0.02,2,0.075,122.2989596419682,
0.8999999999999999,0.02,3,0.075,122.2989596419682,
0.8999999999999999,0.02,4,0.075,122.2989596419682,
0.8999999999999999,0.02,5,0.075,122.2989596419682,
0.8999999999999999,0.02,6,0.075,122.2989596419682,
0.8999999999999999,0.02,7,0.075,122.2989596419682,
0.8999999999999999,0.02,8,0.075,122.2989596419682,
0.8999999999999999,0.03,0,0.075,122.2989596419682,
0.8999999999999999,0.03,1,0.075,122.2989596419682,
0.8999999999999999,0.03,2,0.075,122.2989596419682,
0.8999999999999999,0.03,3,0.075,122.2989596419682,
0.8999999999999999,0.03,4,0.075,122.2989596419682,
0.8999999999999999,0.03,5,0.075,122.2989596419682,
0.8999999999999999,0.03,6,0.075,122.2989596419682,
0.8999999999999999,0.03,7,0.075,122.2989596419682,
0.8999999999999999,0.03,8,0.075,122.2989596419682,
0.8999999999999999,0.04,0,0.075,122.2989596419682,
0.8999999999999999,0.04,1,0.075,122.2989596419682,
0.8999999999999999,0.04,2,0.075,122.2989596419682,
0.8999999999999999,0.04,3,0.075,122.2989596419682,
0.8999999999999999,0.04,4,0.075,122.2989596419682,
0.8999999999999999,0.04,5,0.075,122.2989596419682,
0.8999999999999999,0.04,6,0.075,122.2989596419682,
0.8999999999999999,0.04,7,0.075,122.2989596419682,
0.8999999999999999,0.04,8,0.075,122.2989596419682,
0.8999999999999999,0.05,0,0.075,122.2989596419682,
0.8999999999999999,0.05,1,0.075,122.2989596419682,
0.8999999999999999,0.05,2,0.075,122.2989596419682,
0.8999999999999999,0.05,3,0.075,122.2989596419682,
0.8999999999999999,0.05,4,0.075,122.2989596419682,
0.8999999999999999,0.05,5,0.075,122.2989596419682,
0.8999999999999999,0.05,6,0.075,122.2989596419682,
0.8999999999999999,0.05,7,0.075,122.2989596419682,
0.8999999999999999,0.05,8,0.075,122.2989596419682,
0.8999999999999999,0.060000000000000005,0,0.075,122.2989596419682,
0.8999999999999999,0.060000000000000005,1,0.075,122.2989596419682,
0.8999999999999999,0.060000000000000005,2,0.075,122.2989596419682,
0.8999999999999999,0.060000000000000005,3,0.075,122.2989596419682,
0.8999999999999999,0.060000000000000005,4,0.075,122.2989596419682,
0.8999999999999999,0.060000000000000005,5,0.075,122.2989596419682,
0.8999999999999999,0.060000000000000005,6,0.075,122.2989596419682,
0.8999999999999999,0.060000000000000005,7,0.075,122.2989596419682,
0.8999999999999999,0.060000000000000005,8,0.075,122.2989596419682,
0.8999999999999999,0.06999999999999999,0,0.075,122.2989596419682,
0.8999999999999999,0.06999999999999999,1,0.075,122.2989596419682,
0.8999999999999999,0.06999999999999999,2,0.075,122.2989596419682,
0.8999999999999999,0.06999999999999999,3,0.075,122.2989596419682,
0.8999999999999999,0.06999999999999999,4,0.075,122.2989596419682,
0.8999999999999999,0.06999999999999999,5,0.075,122.2989596419682,
0.8999999999999999,0.06999999999999999,6,0.075,122.2989596419682,
0.8999999999999999,0.06999999999999999,7,0.075,122.2989596419682,
0.8999999999999999,0.06999999999999999,8,0.075,122.2989596419682,
0.8999999999999999,0.08,0,0.075,122.2989596419682,
0.8999999999999999,0.08,1,0.075,122.2989596419682,
0.8999999999999999,0.08,2,0.075,122.2989596419682,
0.8999999999999999,0.08,3,0.075,122.2989596419682,
0.8999999999999999,0.08,4,0.075,122.2989596419682,
0.8999999999999999,0.08,5,0.075,122.2989596419682,
0.8999999999999999,0.08,6,0.075,122.2989596419682,
0.8999999999999999,0.08,7,0.075,122.2989596419682,
0.8999999999999999,0.08,8,0.075,122.2989596419682,
0.8999999999999999,0.09,0,0.075,122.2989596419682,
0.8999999999999999,0.09,1,0.075,122.2989596419682,
0.8999999999999999,0.09,2,0.075,122.2989596419682,
0.8999999999999999,0.09,3,0.075,122.2989596419682,
0.8999999999999999,0.09,4,0.075,122.2989596419682,
0.8999999999999999,0.09,5,0.075,122.2989596419682,
0.8999999999999999,0.09,6,0.075,122.2989596419682,
0.8999999999999999,0.09,7,0.075,122.2989596419682,
0.8999999999999999,0.09,8,0.075,122.2989596419682,
0.8999999999999999,0.09999999999999999,0,0.075,122.2989596419682,
0.8999999999999999,0.09999999999999999,1,0.075,122.2989596419682,
0.8999999999999999,0.09999999999999999,2,0.075,122.2989596419682,
0.8999999999999999,0.09999999999999999,3,0.075,122.2989596419682,
0.8999999999999999,0.09999999999999999,4,0.075,122.2989596419682,
0.8999999999999999,0.09999999999999999,5,0.075,122.2989596419682,
0.8999999999999999,0.09999999999999999,6,0.075,122.2989596419682,
0.8999999999999999,0.09999999999999999,7,0.075,122.2989596419682,
0.8999999999999999,0.09999999999999999,8,0.075,122.2989596419682,
